Workbook

Sheet Behaviour Log
A1: 5-day behaviour log (simulated) and today's plan
A2: Sample data created for this simulation, not real user data. Days 1-5 (Sat-Wed) are the learning window; Day 6 (Thu, today) uses what the planner learned. Blue on cream = input; black = formula.
A4: Day | B4: Weekday | C4: Mood (1-5) | D4: Screen time total (h) | E4: Late-night screen 10 pm-12 am (h) | F4: Late-night use started | G4: Low-mood days in a row | H4: Over daily goal? | I4: Rule fired | J4: Suggestion shown | K4: Time suggested | L4: User response | M4: Accepted time (helper) | N4: Late-night use per hour (h) | O4: Other waking use per hour (h) | P4: Late-night intensity vs rest (x)
A5: 1 | B5: Sat | C5: 2 | D5: 3.8 | E5: 1.4 | F5: 0.9375 | G5: =IF(C5<Settings!$B$4,1,0) -> 1 | H5: =IF(D5>Settings!$B$6,"Yes","No") -> Yes | I5: =IF(G5>=Settings!$B$7,"R0",IF(AND(C5<Settings!$B$4,D5>Settings!$B$5),"R1",IF(C5<Settings!$B$4,"R2",IF(D5>Settings!$B$6,"R3",IF(C5>=4,"R5","R6"))))) -> R1 | J5: =INDEX(Rules!$C$4:$C$10,MATCH(I5,Rules!$A$4:$A$10,0)) -> 20-min tech-free break (e.g. a walk) | K5: 0.875 | L5: Not now | M5: =IF(L5="Accepted",K5,"") | N5: =IF(E5="","",E5/Settings!$B$17) -> 0.7 | O5: =IF(E5="","",(D5-E5)/Settings!$B$18) -> 0.16 | P5: =IF(E5="","",N5/O5) -> 4.375
A6: 2 | B6: Sun | C6: 2 | D6: 4.1 | E6: 1.7 | F6: 0.92708333 | G6: =IF(C6<Settings!$B$4,G5+1,0) -> 2 | H6: =IF(D6>Settings!$B$6,"Yes","No") -> Yes | I6: =IF(G6>=Settings!$B$7,"R0",IF(AND(C6<Settings!$B$4,D6>Settings!$B$5),"R1",IF(C6<Settings!$B$4,"R2",IF(D6>Settings!$B$6,"R3",IF(C6>=4,"R5","R6"))))) -> R1 | J6: =INDEX(Rules!$C$4:$C$10,MATCH(I6,Rules!$A$4:$A$10,0)) -> 20-min tech-free break (e.g. a walk) | K6: 0.83333333 | L6: Snoozed | M6: =IF(L6="Accepted",K6,"") | N6: =IF(E6="","",E6/Settings!$B$17) -> 0.85 | O6: =IF(E6="","",(D6-E6)/Settings!$B$18) -> 0.16 | P6: =IF(E6="","",N6/O6) -> 5.3125
A7: 3 | B7: Mon | C7: 3 | D7: 2.9 | E7: 0.9 | F7: 0.94791667 | G7: =IF(C7<Settings!$B$4,G6+1,0) -> 0 | H7: =IF(D7>Settings!$B$6,"Yes","No") -> Yes | I7: =IF(G7>=Settings!$B$7,"R0",IF(AND(C7<Settings!$B$4,D7>Settings!$B$5),"R1",IF(C7<Settings!$B$4,"R2",IF(D7>Settings!$B$6,"R3",IF(C7>=4,"R5","R6"))))) -> R3 | J7: =INDEX(Rules!$C$4:$C$10,MATCH(I7,Rules!$A$4:$A$10,0)) -> 10-min screen-free pause | K7: 0.8125 | L7: Accepted | M7: =IF(L7="Accepted",K7,"") -> 0.8125 | N7: =IF(E7="","",E7/Settings!$B$17) -> 0.45 | O7: =IF(E7="","",(D7-E7)/Settings!$B$18) -> 0.13333333 | P7: =IF(E7="","",N7/O7) -> 3.375
A8: 4 | B8: Tue | C8: 2 | D8: 3.4 | E8: 1.5 | F8: 0.9375 | G8: =IF(C8<Settings!$B$4,G7+1,0) -> 1 | H8: =IF(D8>Settings!$B$6,"Yes","No") -> Yes | I8: =IF(G8>=Settings!$B$7,"R0",IF(AND(C8<Settings!$B$4,D8>Settings!$B$5),"R1",IF(C8<Settings!$B$4,"R2",IF(D8>Settings!$B$6,"R3",IF(C8>=4,"R5","R6"))))) -> R1 | J8: =INDEX(Rules!$C$4:$C$10,MATCH(I8,Rules!$A$4:$A$10,0)) -> 20-min tech-free break (e.g. a walk) | K8: 0.79166667 | L8: Not now | M8: =IF(L8="Accepted",K8,"") | N8: =IF(E8="","",E8/Settings!$B$17) -> 0.75 | O8: =IF(E8="","",(D8-E8)/Settings!$B$18) -> 0.12666667 | P8: =IF(E8="","",N8/O8) -> 5.9210526
A9: 5 | B9: Wed | C9: 4 | D9: 2.5 | E9: 0.6 | F9: 0.9375 | G9: =IF(C9<Settings!$B$4,G8+1,0) -> 0 | H9: =IF(D9>Settings!$B$6,"Yes","No") -> No | I9: =IF(G9>=Settings!$B$7,"R0",IF(AND(C9<Settings!$B$4,D9>Settings!$B$5),"R1",IF(C9<Settings!$B$4,"R2",IF(D9>Settings!$B$6,"R3",IF(C9>=4,"R5","R6"))))) -> R5 | J9: =INDEX(Rules!$C$4:$C$10,MATCH(I9,Rules!$A$4:$A$10,0)) -> Positive reinforcement and a 1-line gratitude prompt | K9: 0.8125 | L9: Accepted | M9: =IF(L9="Accepted",K9,"") -> 0.8125 | N9: =IF(E9="","",E9/Settings!$B$17) -> 0.3 | O9: =IF(E9="","",(D9-E9)/Settings!$B$18) -> 0.12666667 | P9: =IF(E9="","",N9/O9) -> 2.3684211
A10: 6 | B10: Thu (today) | C10: 2 | D10: =2+40/60 -> 2.6666667 | G10: =IF(C10<Settings!$B$4,G9+1,0) -> 1 | H10: =IF(D10>Settings!$B$6,"Yes","No") -> Yes | I10: =IF(G10>=Settings!$B$7,"R0",IF(AND(C10<Settings!$B$4,D10>Settings!$B$5),"R1",IF(C10<Settings!$B$4,"R2",IF(D10>Settings!$B$6,"R3",IF(C10>=4,"R5","R6"))))) -> R1 | J10: =INDEX(Rules!$C$4:$C$10,MATCH(I10,Rules!$A$4:$A$10,0)) -> 20-min tech-free break (e.g. a walk) | K10: =Adaptation!C20 -> 0.8125 | L10: Pending | M10: =IF(L10="Accepted",K10,"") | N10: =IF(E10="","",E10/Settings!$B$17) | O10: =IF(E10="","",(D10-E10)/Settings!$B$18) | P10: =IF(E10="","",N10/O10)
A12: Notes and assumptions:
A13: 1. Days 1-5: the planner tries different evening times (9:00, 8:00, 7:30, 7:00, 7:30 pm) before settling on the time where suggestions were accepted.
A14: 2. Day 6 (today): mood 2 and screen time 2 h 40 m, so rule R1 fires and the suggestion uses the adapted time from the Adaptation sheet.
A15: 3. 'Pending' on Day 6 means the user has not responded yet. Late-night columns for Day 6 are empty because the evening has not finished.
A16: 4. Rule codes and suggestions come from the Rules sheet. Thresholds come from the Settings sheet.

Sheet Adaptation
A1: Behaviour-based learning after 5 days
A2: All values are formulas that read the Behaviour Log and Settings sheets. Change an input and they update.
A3: Measure | C3: Value | D3: How it is calculated
A4: Days of logs used | C4: =COUNT('Behaviour Log'!C5:C9) -> 5 | D4: Number of logged days (5 are needed before adapting).
A5: Average mood (1-5) | C5: =AVERAGE('Behaviour Log'!C5:C9) -> 2.6 | D5: Mean of the 5 mood scores.
A6: Average screen time (h/day) | C6: =AVERAGE('Behaviour Log'!D5:D9) -> 3.34 | D6: Mean of the 5 daily totals.
A7: Days over daily goal | C7: =COUNTIF('Behaviour Log'!D5:D9,">"&Settings!B6) -> 4 | D7: Days with screen time above the goal.
A8: Average mood, days over goal | C8: =AVERAGEIF('Behaviour Log'!D5:D9,">"&Settings!B6,'Behaviour Log'!C5:C9) -> 2.25 | D8: Mood on days above the goal.
A9: Average mood, days within goal | C9: =AVERAGEIF('Behaviour Log'!D5:D9,"<="&Settings!B6,'Behaviour Log'!C5:C9) -> 4 | D9: Mood on days within the goal.
A10: Late-night use vs rest of day (x, average) | C10: =AVERAGE('Behaviour Log'!P5:P9) -> 4.2703947 | D10: Hourly use after 10 pm divided by hourly use the rest of the day.
A11: Typical late-night start | C11: =MEDIAN('Behaviour Log'!F5:F9) -> 0.9375 | D11: Median time late-night use began.
A12: Suggestions accepted | C12: =COUNTIF('Behaviour Log'!L5:L9,"Accepted") -> 2 | D12: Count of 'Accepted'.
A13: Acceptance rate | C13: =C12/C4 -> 0.4 | D13: Accepted divided by days of logs.
A14: 'Not now' responses | C14: =COUNTIF('Behaviour Log'!L5:L9,"Not now") -> 2 | D14: Count of 'Not now'.
A15: Longest low-mood run (days) | C15: =MAX('Behaviour Log'!G5:G9) -> 2 | D15: Longest run of consecutive low-mood days.
A17: Adapted settings (what the prototype shows)
A18: Setting | B18: Before (default) | C18: After (adapted) | D18: Rule
A19: Wind-down time | B19: =Settings!B9 -> 0.9375 | C19: =C11-Settings!B8/1440 -> 0.89583333 | D19: Usual late-night start minus the lead time (60 min).
A20: Break suggestion time | B20: =Settings!B10 -> 0.83333333 | C20: =MEDIAN('Behaviour Log'!M5:M9) -> 0.8125 | D20: Median time suggestions were accepted.
A21: Nudge frequency | B21: =Settings!B12 -> Medium | C21: =IF(C14>=Settings!B11,"Low",Settings!B12) -> Medium | D21: Reduce to Low if 3 or more 'Not now' in 5 days.
A22: Support Prompt (R0) | B22: Off | C22: =IF(C15>=Settings!B7,"Show Support Prompt","Not triggered (longest run "&C15&" days)") -> Not triggered (longest run 2 days) | D22: Show only after 3 low-mood days in a row.
A24: Result shown in the prototype: wind-down moves from 10:30 pm to 9:30 pm, and today's break is suggested at 7:30 pm. Small sample (5 days), so this simulates the idea; a real system would need more data and user consent.

Sheet 7-Day Insight
A1: 7-day screen time and mood (backs the insight card on the Screen Time screen)
A2: Fri and Thu values are inputs; Sat-Wed link to the Behaviour Log. Sample data.
A3: Day | B3: Screen time (h) | C3: Mood (1-5) | D3: Over daily goal?
A4: Fri | B4: 2.2 | C4: 4 | D4: =IF(B4>Settings!$B$6,"Yes","No") -> No
A5: Sat | B5: ='Behaviour Log'!D5 -> 3.8 | C5: ='Behaviour Log'!C5 -> 2 | D5: =IF(B5>Settings!$B$6,"Yes","No") -> Yes
A6: Sun | B6: ='Behaviour Log'!D6 -> 4.1 | C6: ='Behaviour Log'!C6 -> 2 | D6: =IF(B6>Settings!$B$6,"Yes","No") -> Yes
A7: Mon | B7: ='Behaviour Log'!D7 -> 2.9 | C7: ='Behaviour Log'!C7 -> 3 | D7: =IF(B7>Settings!$B$6,"Yes","No") -> Yes
A8: Tue | B8: ='Behaviour Log'!D8 -> 3.4 | C8: ='Behaviour Log'!C8 -> 2 | D8: =IF(B8>Settings!$B$6,"Yes","No") -> Yes
A9: Wed | B9: ='Behaviour Log'!D9 -> 2.5 | C9: ='Behaviour Log'!C9 -> 4 | D9: =IF(B9>Settings!$B$6,"Yes","No") -> No
A10: Thu (today) | B10: ='Behaviour Log'!D10 -> 2.6666667 | C10: ='Behaviour Log'!C10 -> 2 | D10: =IF(B10>Settings!$B$6,"Yes","No") -> Yes
A12: Average mood, days over goal | B12: =AVERAGEIF(B4:B10,">"&Settings!B6,C4:C10) -> 2.2
A13: Average mood, days within goal | B13: =AVERAGEIF(B4:B10,"<="&Settings!B6,C4:C10) -> 4
A14: Insight text for the card | B14: ="On days over your 2h 30m goal, your mood averaged "&TEXT(B12,"0.0")&" out of 5. Within your goal, it averaged "&TEXT(B13,"0.0")&"." -> On days over your 2h 30m goal, your mood averaged 2.2 out of 5. Within your goal, it averaged 4.0.

Sheet Rules
A1: MindPatch AI planner - rule table (evaluated in order R0, R1, R2, R3, R5, R6; R4 runs on the clock)
A3: Code | B3: Condition | C3: Suggestion | D3: Duration (min) | E3: Why (research link)
A4: R0 | B4: Mood below 3 for 3 days in a row | C4: Support Prompt: talk to someone you trust | E4: Ethical safeguard. MindPatch is a wellbeing helper, not a medical service.
A5: R1 | B5: Mood < 3 AND screen time > 2 h | C5: 20-min tech-free break (e.g. a walk) | D5: 20 | E5: Brief's example rule. Evening and high screen use linked to mental-health symptoms (Alkaabba et al., 2025).
A6: R2 | B6: Mood < 3 AND screen time <= 2 h | C6: 5-min breathing break or message a friend | D6: 5 | E6: Low-demand option when screen time is not the issue. Social support helps (Jacob et al., 2022).
A7: R3 | B7: Mood >= 3 AND screen time > daily goal | C7: 10-min screen-free pause | D7: 10 | E7: Keeps the user to their own goal. Self-awareness first (Kaewpradit et al., 2025).
A8: R4 | B8: Clock reaches wind-down time (default 10:30 pm, adapted from logs) | C8: Wind-down reminder: quiet mode and bedtime reminder | E8: Late-night use predicted sleep problems (Rajput et al., 2026).
A9: R5 | B9: Mood >= 4 AND screen time <= daily goal | C9: Positive reinforcement and a 1-line gratitude prompt | D9: 2 | E9: Positive reinforcement and habit-loop reward (Duhigg, 2012).
A10: R6 | B10: None of the above | C10: Show today's wellness tip | E10: Default, low-pressure option.
A12: Source for R1 condition: the SA brief (Stage 4 example rule). Other rules are design decisions for this prototype.

Sheet Settings
A1: MindPatch AI Planner - Settings and assumptions
A2: Legend: blue text on cream = input you can edit. Black = formula. All numbers are design assumptions unless a source is named.
A3: Setting | B3: Value | C3: Source / assumption
A4: Low mood threshold (mood below this is 'low') | B4: 3 | C4: Brief's example rule: 'If mood < 3 & screen time > 2 hrs'.
A5: High screen-time threshold (hours) | B5: 2 | C5: Brief's example rule: 'screen time > 2 hrs'.
A6: Daily screen-time goal (hours) | B6: 2.5 | C6: Design assumption: 2 h 30 m, as shown in the prototype.
A7: Low-mood days in a row before Support Prompt | B7: 3 | C7: Design assumption (ethical safeguard, not a diagnosis).
A8: Wind-down lead time (minutes before usual late-night start) | B8: 60 | C8: Design assumption.
A9: Default wind-down time | B9: 0.9375 | C9: Design assumption, matches the 'Phone away at 10:30 pm' habit.
A10: Default break suggestion time | B10: 0.83333333 | C10: Design assumption before the planner has learned anything.
A11: 'Not now' responses in 5 days that reduce nudge frequency | B11: 3 | C11: Design assumption.
A12: Nudge frequency setting | B12: Medium | C12: Matches Settings and Privacy (Low / Medium / High).
A13: Max nudges per day: Low | B13: 1 | C13: Design assumption.
A14: Max nudges per day: Medium | B14: 3 | C14: Design assumption.
A15: Max nudges per day: High | B15: 5 | C15: Design assumption.
A16: Max nudges per day (current setting) | B16: =IF(B12="Low",B13,IF(B12="High",B15,B14)) -> 3 | C16: Formula: picks the cap for the chosen frequency.
A17: Late-night window length (hours, 10 pm to 12 am) | B17: 2 | C17: Assumption: late-night window is 22:00-24:00.
A18: Other waking hours outside the late-night window | B18: 15 | C18: Assumption: waking day 7 am to 10 pm.
